{
  "countries": [
    { "iso2": "ad", "name": "Andorra" },
    { "iso2": "ae", "name": "United Arab Emirates", "aliases": ["UAE", "Dubai", "Abu Dhabi"] },
    { "iso2": "af", "name": "Afghanistan", "aliases": ["Kabul"] },
    { "iso2": "ag", "name": "Antigua and Barbuda" },
    { "iso2": "ai", "name": "Anguilla" },
    { "iso2": "al", "name": "Albania", "aliases": ["Tirana"] },
    { "iso2": "am", "name": "Armenia", "aliases": ["Yerevan"] },
    { "iso2": "ao", "name": "Angola", "aliases": ["Luanda"] },
    { "iso2": "ar", "name": "Argentina", "aliases": ["Buenos Aires", "Patagonia", "Mendoza"] },
    { "iso2": "as", "name": "American Samoa" },
    { "iso2": "at", "name": "Austria", "aliases": ["Vienna", "Salzburg", "Innsbruck"] },
    { "iso2": "au", "name": "Australia", "aliases": ["Sydney", "Melbourne", "Brisbane", "Perth", "Gold Coast"] },
    { "iso2": "aw", "name": "Aruba" },
    { "iso2": "ax", "name": "Aland Islands" },
    { "iso2": "az", "name": "Azerbaijan", "aliases": ["Baku"] },
    { "iso2": "ba", "name": "Bosnia and Herzegovina", "aliases": ["Sarajevo", "Mostar"] },
    { "iso2": "bb", "name": "Barbados" },
    { "iso2": "bd", "name": "Bangladesh", "aliases": ["Dhaka", "Chittagong"] },
    { "iso2": "be", "name": "Belgium", "aliases": ["Brussels", "Bruges", "Antwerp", "Ghent"] },
    { "iso2": "bf", "name": "Burkina Faso" },
    { "iso2": "bg", "name": "Bulgaria", "aliases": ["Sofia", "Plovdiv"] },
    { "iso2": "bh", "name": "Bahrain", "aliases": ["Manama"] },
    { "iso2": "bi", "name": "Burundi" },
    { "iso2": "bj", "name": "Benin" },
    { "iso2": "bm", "name": "Bermuda" },
    { "iso2": "bn", "name": "Brunei" },
    { "iso2": "bo", "name": "Bolivia", "aliases": ["La Paz", "Uyuni"] },
    { "iso2": "br", "name": "Brazil", "aliases": ["Rio de Janeiro", "São Paulo", "Salvador", "Iguazu Falls", "Brasilia"] },
    { "iso2": "bs", "name": "Bahamas", "aliases": ["Nassau"] },
    { "iso2": "bt", "name": "Bhutan", "aliases": ["Thimphu", "Paro"] },
    { "iso2": "bw", "name": "Botswana", "aliases": ["Gaborone"] },
    { "iso2": "by", "name": "Belarus", "aliases": ["Minsk"] },
    { "iso2": "bz", "name": "Belize", "aliases": ["Belize City"] },
    { "iso2": "ca", "name": "Canada", "aliases": ["Toronto", "Vancouver", "Montreal", "Calgary", "Ottawa", "Banff"] },
    { "iso2": "cd", "name": "Democratic Republic of the Congo" },
    { "iso2": "cf", "name": "Central African Republic" },
    { "iso2": "cg", "name": "Republic of the Congo" },
    { "iso2": "ch", "name": "Switzerland", "aliases": ["Zurich", "Geneva", "Bern", "Lucerne", "Interlaken", "Zermatt"] },
    { "iso2": "ci", "name": "Ivory Coast", "aliases": ["Cote d'Ivoire", "Abidjan"] },
    { "iso2": "ck", "name": "Cook Islands" },
    { "iso2": "cl", "name": "Chile", "aliases": ["Santiago", "Valparaiso", "Atacama", "Patagonia"] },
    { "iso2": "cm", "name": "Cameroon" },
    { "iso2": "cn", "name": "China", "aliases": ["Beijing", "Shanghai", "Guangzhou", "Shenzhen", "Xi'an", "Chengdu", "Hong Kong"] },
    { "iso2": "co", "name": "Colombia", "aliases": ["Bogota", "Medellin", "Cartagena", "Cali"] },
    { "iso2": "cr", "name": "Costa Rica", "aliases": ["San Jose", "Manuel Antonio", "Arenal"] },
    { "iso2": "cu", "name": "Cuba", "aliases": ["Havana", "Varadero", "Trinidad"] },
    { "iso2": "cv", "name": "Cape Verde" },
    { "iso2": "cy", "name": "Cyprus", "aliases": ["Nicosia", "Limassol", "Paphos"] },
    { "iso2": "cz", "name": "Czech Republic", "aliases": ["Czechia", "Prague", "Brno", "Cesky Krumlov"] },
    { "iso2": "de", "name": "Germany", "aliases": ["Berlin", "Munich", "Frankfurt", "Hamburg", "Cologne", "Bavaria"] },
    { "iso2": "dj", "name": "Djibouti" },
    { "iso2": "dk", "name": "Denmark", "aliases": ["Copenhagen", "Aarhus"] },
    { "iso2": "dm", "name": "Dominica" },
    { "iso2": "do", "name": "Dominican Republic", "aliases": ["Santo Domingo", "Punta Cana"] },
    { "iso2": "dz", "name": "Algeria", "aliases": ["Algiers"] },
    { "iso2": "ec", "name": "Ecuador", "aliases": ["Quito", "Guayaquil", "Galapagos"] },
    { "iso2": "ee", "name": "Estonia", "aliases": ["Tallinn"] },
    { "iso2": "eg", "name": "Egypt", "aliases": ["Cairo", "Luxor", "Aswan", "Alexandria", "Giza", "Hurghada", "Sharm El Sheikh"] },
    { "iso2": "er", "name": "Eritrea" },
    { "iso2": "es", "name": "Spain", "aliases": ["Madrid", "Barcelona", "Seville", "Valencia", "Granada", "Mallorca", "Ibiza", "Canary Islands"] },
    { "iso2": "et", "name": "Ethiopia", "aliases": ["Addis Ababa"] },
    { "iso2": "fi", "name": "Finland", "aliases": ["Helsinki", "Rovaniemi", "Lapland"] },
    { "iso2": "fj", "name": "Fiji", "aliases": ["Suva", "Nadi"] },
    { "iso2": "fk", "name": "Falkland Islands" },
    { "iso2": "fm", "name": "Micronesia" },
    { "iso2": "fo", "name": "Faroe Islands" },
    { "iso2": "fr", "name": "France", "aliases": ["Paris", "Nice", "Lyon", "Marseille", "Bordeaux", "Provence", "French Riviera"] },
    { "iso2": "ga", "name": "Gabon" },
    { "iso2": "gb", "name": "United Kingdom", "aliases": ["UK", "England", "Scotland", "Wales", "London", "Edinburgh", "Manchester", "Liverpool", "Oxford", "Cambridge"] },
    { "iso2": "gd", "name": "Grenada" },
    { "iso2": "ge", "name": "Georgia", "aliases": ["Tbilisi", "Batumi"] },
    { "iso2": "gh", "name": "Ghana", "aliases": ["Accra"] },
    { "iso2": "gi", "name": "Gibraltar" },
    { "iso2": "gl", "name": "Greenland" },
    { "iso2": "gm", "name": "Gambia" },
    { "iso2": "gn", "name": "Guinea" },
    { "iso2": "gq", "name": "Equatorial Guinea" },
    { "iso2": "gr", "name": "Greece", "aliases": ["Athens", "Santorini", "Mykonos", "Crete", "Rhodes", "Corfu", "Thessaloniki"] },
    { "iso2": "gt", "name": "Guatemala", "aliases": ["Guatemala City", "Antigua", "Tikal"] },
    { "iso2": "gu", "name": "Guam" },
    { "iso2": "gw", "name": "Guinea-Bissau" },
    { "iso2": "gy", "name": "Guyana" },
    { "iso2": "hk", "name": "Hong Kong" },
    { "iso2": "hn", "name": "Honduras", "aliases": ["Tegucigalpa", "Roatan"] },
    { "iso2": "hr", "name": "Croatia", "aliases": ["Zagreb", "Dubrovnik", "Split", "Plitvice"] },
    { "iso2": "ht", "name": "Haiti" },
    { "iso2": "hu", "name": "Hungary", "aliases": ["Budapest"] },
    { "iso2": "id", "name": "Indonesia", "aliases": ["Bali", "Jakarta", "Yogyakarta", "Lombok", "Ubud", "Seminyak", "Kuta", "Tanah Lot", "Komodo", "Raja Ampat", "Sumatra", "Java", "Flores"] },
    { "iso2": "ie", "name": "Ireland", "aliases": ["Dublin", "Galway", "Cork", "Killarney"] },
    { "iso2": "il", "name": "Israel", "aliases": ["Tel Aviv", "Jerusalem", "Haifa", "Dead Sea"] },
    { "iso2": "in", "name": "India", "aliases": ["Delhi", "Mumbai", "Jaipur", "Agra", "Goa", "Kerala", "Rajasthan", "Varanasi", "Udaipur", "Bangalore", "Chennai", "Kolkata", "Hyderabad"] },
    { "iso2": "iq", "name": "Iraq", "aliases": ["Baghdad"] },
    { "iso2": "ir", "name": "Iran", "aliases": ["Tehran", "Isfahan", "Shiraz"] },
    { "iso2": "is", "name": "Iceland", "aliases": ["Reykjavik", "Blue Lagoon", "Golden Circle"] },
    { "iso2": "it", "name": "Italy", "aliases": ["Rome", "Florence", "Venice", "Milan", "Naples", "Amalfi", "Tuscany", "Sicily", "Cinque Terre", "Lake Como"] },
    { "iso2": "jm", "name": "Jamaica", "aliases": ["Kingston", "Montego Bay", "Negril", "Ocho Rios"] },
    { "iso2": "jo", "name": "Jordan", "aliases": ["Amman", "Petra", "Wadi Rum", "Dead Sea"] },
    { "iso2": "jp", "name": "Japan", "aliases": ["Tokyo", "Kyoto", "Osaka", "Hiroshima", "Nara", "Hokkaido", "Okinawa", "Mount Fuji", "Fukuoka"] },
    { "iso2": "ke", "name": "Kenya", "aliases": ["Nairobi", "Mombasa", "Masai Mara", "Amboseli"] },
    { "iso2": "kg", "name": "Kyrgyzstan", "aliases": ["Bishkek"] },
    { "iso2": "kh", "name": "Cambodia", "aliases": ["Phnom Penh", "Siem Reap", "Angkor Wat"] },
    { "iso2": "ki", "name": "Kiribati" },
    { "iso2": "km", "name": "Comoros" },
    { "iso2": "kn", "name": "Saint Kitts and Nevis" },
    { "iso2": "kp", "name": "North Korea", "aliases": ["Pyongyang"] },
    { "iso2": "kr", "name": "South Korea", "aliases": ["Korea", "Seoul", "Busan", "Jeju", "Incheon", "Gyeongju"] },
    { "iso2": "kw", "name": "Kuwait", "aliases": ["Kuwait City"] },
    { "iso2": "ky", "name": "Cayman Islands" },
    { "iso2": "kz", "name": "Kazakhstan", "aliases": ["Almaty", "Astana", "Nur-Sultan"] },
    { "iso2": "la", "name": "Laos", "aliases": ["Vientiane", "Luang Prabang", "Vang Vieng"] },
    { "iso2": "lb", "name": "Lebanon", "aliases": ["Beirut"] },
    { "iso2": "lc", "name": "Saint Lucia" },
    { "iso2": "li", "name": "Liechtenstein", "aliases": ["Vaduz"] },
    { "iso2": "lk", "name": "Sri Lanka", "aliases": ["Colombo", "Kandy", "Galle", "Ella", "Sigiriya"] },
    { "iso2": "lr", "name": "Liberia" },
    { "iso2": "ls", "name": "Lesotho" },
    { "iso2": "lt", "name": "Lithuania", "aliases": ["Vilnius"] },
    { "iso2": "lu", "name": "Luxembourg" },
    { "iso2": "lv", "name": "Latvia", "aliases": ["Riga"] },
    { "iso2": "ly", "name": "Libya", "aliases": ["Tripoli"] },
    { "iso2": "ma", "name": "Morocco", "aliases": ["Marrakech", "Casablanca", "Fes", "Chefchaouen", "Tangier", "Sahara"] },
    { "iso2": "mc", "name": "Monaco" },
    { "iso2": "md", "name": "Moldova", "aliases": ["Chisinau"] },
    { "iso2": "me", "name": "Montenegro", "aliases": ["Podgorica", "Kotor", "Budva"] },
    { "iso2": "mg", "name": "Madagascar", "aliases": ["Antananarivo"] },
    { "iso2": "mh", "name": "Marshall Islands" },
    { "iso2": "mk", "name": "North Macedonia", "aliases": ["Macedonia", "Skopje", "Ohrid"] },
    { "iso2": "ml", "name": "Mali" },
    { "iso2": "mm", "name": "Myanmar", "aliases": ["Burma", "Yangon", "Bagan", "Mandalay", "Inle Lake"] },
    { "iso2": "mn", "name": "Mongolia", "aliases": ["Ulaanbaatar", "Gobi"] },
    { "iso2": "mo", "name": "Macau", "aliases": ["Macao"] },
    { "iso2": "mp", "name": "Northern Mariana Islands" },
    { "iso2": "mr", "name": "Mauritania" },
    { "iso2": "ms", "name": "Montserrat" },
    { "iso2": "mt", "name": "Malta", "aliases": ["Valletta", "Gozo"] },
    { "iso2": "mu", "name": "Mauritius", "aliases": ["Port Louis"] },
    { "iso2": "mv", "name": "Maldives", "aliases": ["Male", "Ari Atoll", "Maafushi"] },
    { "iso2": "mw", "name": "Malawi" },
    { "iso2": "mx", "name": "Mexico", "aliases": ["Mexico City", "Cancun", "Playa del Carmen", "Tulum", "Puerto Vallarta", "Cabo San Lucas", "Oaxaca", "Guadalajara"] },
    { "iso2": "my", "name": "Malaysia", "aliases": ["Kuala Lumpur", "Penang", "Langkawi", "Borneo", "Malacca", "Cameron Highlands", "Kota Kinabalu"] },
    { "iso2": "mz", "name": "Mozambique" },
    { "iso2": "na", "name": "Namibia", "aliases": ["Windhoek", "Etosha", "Sossusvlei"] },
    { "iso2": "nc", "name": "New Caledonia" },
    { "iso2": "ne", "name": "Niger" },
    { "iso2": "ng", "name": "Nigeria", "aliases": ["Lagos", "Abuja"] },
    { "iso2": "ni", "name": "Nicaragua", "aliases": ["Managua", "Granada"] },
    { "iso2": "nl", "name": "Netherlands", "aliases": ["Holland", "Amsterdam", "Rotterdam", "The Hague", "Utrecht"] },
    { "iso2": "no", "name": "Norway", "aliases": ["Oslo", "Bergen", "Tromso", "Lofoten", "Norwegian Fjords", "Svalbard"] },
    { "iso2": "np", "name": "Nepal", "aliases": ["Kathmandu", "Pokhara", "Everest", "Chitwan"] },
    { "iso2": "nr", "name": "Nauru" },
    { "iso2": "nu", "name": "Niue" },
    { "iso2": "nz", "name": "New Zealand", "aliases": ["Auckland", "Wellington", "Queenstown", "Christchurch", "Rotorua", "Milford Sound"] },
    { "iso2": "om", "name": "Oman", "aliases": ["Muscat"] },
    { "iso2": "pa", "name": "Panama", "aliases": ["Panama City", "Bocas del Toro", "San Blas"] },
    { "iso2": "pe", "name": "Peru", "aliases": ["Lima", "Cusco", "Machu Picchu", "Sacred Valley", "Arequipa", "Lake Titicaca"] },
    { "iso2": "pf", "name": "French Polynesia", "aliases": ["Tahiti", "Bora Bora", "Moorea"] },
    { "iso2": "pg", "name": "Papua New Guinea" },
    { "iso2": "ph", "name": "Philippines", "aliases": ["Manila", "Cebu", "Palawan", "Boracay", "El Nido", "Siargao", "Bohol"] },
    { "iso2": "pk", "name": "Pakistan", "aliases": ["Karachi", "Lahore", "Islamabad"] },
    { "iso2": "pl", "name": "Poland", "aliases": ["Warsaw", "Krakow", "Gdansk", "Wroclaw"] },
    { "iso2": "pr", "name": "Puerto Rico", "aliases": ["San Juan"] },
    { "iso2": "ps", "name": "Palestine" },
    { "iso2": "pt", "name": "Portugal", "aliases": ["Lisbon", "Porto", "Algarve", "Madeira", "Azores", "Sintra"] },
    { "iso2": "pw", "name": "Palau" },
    { "iso2": "py", "name": "Paraguay", "aliases": ["Asuncion"] },
    { "iso2": "qa", "name": "Qatar", "aliases": ["Doha"] },
    { "iso2": "ro", "name": "Romania", "aliases": ["Bucharest", "Transylvania", "Brasov"] },
    { "iso2": "rs", "name": "Serbia", "aliases": ["Belgrade", "Novi Sad"] },
    { "iso2": "ru", "name": "Russia", "aliases": ["Moscow", "St Petersburg", "Saint Petersburg", "Sochi"] },
    { "iso2": "rw", "name": "Rwanda", "aliases": ["Kigali"] },
    { "iso2": "sa", "name": "Saudi Arabia", "aliases": ["Riyadh", "Jeddah", "Mecca", "Medina"] },
    { "iso2": "sb", "name": "Solomon Islands" },
    { "iso2": "sc", "name": "Seychelles", "aliases": ["Mahe", "Praslin"] },
    { "iso2": "sd", "name": "Sudan", "aliases": ["Khartoum"] },
    { "iso2": "se", "name": "Sweden", "aliases": ["Stockholm", "Gothenburg", "Malmo"] },
    { "iso2": "sg", "name": "Singapore" },
    { "iso2": "si", "name": "Slovenia", "aliases": ["Ljubljana", "Lake Bled"] },
    { "iso2": "sk", "name": "Slovakia", "aliases": ["Bratislava"] },
    { "iso2": "sl", "name": "Sierra Leone" },
    { "iso2": "sm", "name": "San Marino" },
    { "iso2": "sn", "name": "Senegal", "aliases": ["Dakar"] },
    { "iso2": "so", "name": "Somalia" },
    { "iso2": "sr", "name": "Suriname" },
    { "iso2": "ss", "name": "South Sudan" },
    { "iso2": "st", "name": "Sao Tome and Principe" },
    { "iso2": "sv", "name": "El Salvador", "aliases": ["San Salvador"] },
    { "iso2": "sy", "name": "Syria", "aliases": ["Damascus"] },
    { "iso2": "sz", "name": "Eswatini", "aliases": ["Swaziland"] },
    { "iso2": "tc", "name": "Turks and Caicos Islands" },
    { "iso2": "td", "name": "Chad" },
    { "iso2": "tg", "name": "Togo" },
    { "iso2": "th", "name": "Thailand", "aliases": ["Bangkok", "Phuket", "Chiang Mai", "Krabi", "Koh Samui", "Pattaya", "Ayutthaya", "Koh Phi Phi", "Koh Tao", "Chiang Rai"] },
    { "iso2": "tj", "name": "Tajikistan", "aliases": ["Dushanbe"] },
    { "iso2": "tl", "name": "Timor-Leste", "aliases": ["East Timor"] },
    { "iso2": "tm", "name": "Turkmenistan", "aliases": ["Ashgabat"] },
    { "iso2": "tn", "name": "Tunisia", "aliases": ["Tunis"] },
    { "iso2": "to", "name": "Tonga" },
    { "iso2": "tr", "name": "Turkey", "aliases": ["Turkiye", "Istanbul", "Antalya", "Cappadocia", "Bodrum", "Izmir", "Ankara"] },
    { "iso2": "tt", "name": "Trinidad and Tobago", "aliases": ["Port of Spain"] },
    { "iso2": "tv", "name": "Tuvalu" },
    { "iso2": "tw", "name": "Taiwan", "aliases": ["Taipei", "Kaohsiung"] },
    { "iso2": "tz", "name": "Tanzania", "aliases": ["Dar es Salaam", "Zanzibar", "Serengeti", "Kilimanjaro", "Ngorongoro"] },
    { "iso2": "ua", "name": "Ukraine", "aliases": ["Kyiv", "Kiev", "Lviv", "Odessa"] },
    { "iso2": "ug", "name": "Uganda", "aliases": ["Kampala"] },
    { "iso2": "us", "name": "United States", "aliases": ["USA", "America", "New York", "Los Angeles", "San Francisco", "Las Vegas", "Miami", "Chicago", "Hawaii", "Boston", "Seattle", "Washington DC", "Orlando", "California", "Florida", "Texas"] },
    { "iso2": "uy", "name": "Uruguay", "aliases": ["Montevideo", "Punta del Este"] },
    { "iso2": "uz", "name": "Uzbekistan", "aliases": ["Tashkent", "Samarkand", "Bukhara"] },
    { "iso2": "va", "name": "Vatican City", "aliases": ["Vatican", "Holy See"] },
    { "iso2": "vc", "name": "Saint Vincent and the Grenadines" },
    { "iso2": "ve", "name": "Venezuela", "aliases": ["Caracas", "Angel Falls"] },
    { "iso2": "vg", "name": "British Virgin Islands" },
    { "iso2": "vi", "name": "US Virgin Islands" },
    { "iso2": "vn", "name": "Vietnam", "aliases": ["Hanoi", "Ho Chi Minh City", "Saigon", "Da Nang", "Hoi An", "Ha Long Bay", "Nha Trang", "Sapa", "Hue", "Phu Quoc"] },
    { "iso2": "vu", "name": "Vanuatu" },
    { "iso2": "ws", "name": "Samoa", "aliases": ["Apia"] },
    { "iso2": "xk", "name": "Kosovo", "aliases": ["Pristina"] },
    { "iso2": "ye", "name": "Yemen", "aliases": ["Sanaa"] },
    { "iso2": "za", "name": "South Africa", "aliases": ["Cape Town", "Johannesburg", "Durban", "Kruger", "Garden Route"] },
    { "iso2": "zm", "name": "Zambia", "aliases": ["Lusaka", "Victoria Falls"] },
    { "iso2": "zw", "name": "Zimbabwe", "aliases": ["Harare", "Victoria Falls"] }
  ]
}
